ID,Table,Concept,model_name,prompt,temperature,concept_category
2,0,Joe Biden,tulu-dpo,none,default,politicians
8,0,Joe Biden,tulu-dpo,none,default,politicians
12,0,Joe Biden,tulu-dpo,none,default,politicians
17,0,Joe Biden,tulu-dpo,none,default,politicians
49,0,Joe Biden,tulu-dpo,none,default,politicians
54,0,Joe Biden,tulu-dpo,none,default,politicians
67,0,Joe Biden,tulu-dpo,none,default,politicians
70,0,Joe Biden,tulu-dpo,none,default,politicians
74,0,Joe Biden,tulu-dpo,none,default,politicians
82,0,Joe Biden,tulu-dpo,none,default,politicians
84,0,Joe Biden,tulu-dpo,none,default,politicians
85,0,Joe Biden,tulu-dpo,none,default,politicians
88,0,Joe Biden,tulu-dpo,none,default,politicians
99,0,Joe Biden,tulu-dpo,none,default,politicians
104,0,Joe Biden,tulu-dpo,none,default,politicians
107,0,Joe Biden,tulu-dpo,none,default,politicians
153,0,Joe Biden,tulu-dpo,none,default,politicians
159,0,Joe Biden,tulu-dpo,none,default,politicians
161,0,Joe Biden,tulu-dpo,none,default,politicians
174,0,Joe Biden,tulu-dpo,none,default,politicians
192,0,Joe Biden,tulu-dpo,none,default,politicians
195,0,Joe Biden,tulu-dpo,none,default,politicians
216,0,Joe Biden,tulu-dpo,none,default,politicians
219,0,Joe Biden,tulu-dpo,none,default,politicians
243,0,Joe Biden,tulu-dpo,none,default,politicians
245,0,Joe Biden,tulu-dpo,none,default,politicians
247,0,Joe Biden,tulu-dpo,none,default,politicians
250,0,Joe Biden,tulu-dpo,none,default,politicians
253,0,Joe Biden,tulu-dpo,none,default,politicians
271,0,Joe Biden,tulu-dpo,none,default,politicians
272,0,Joe Biden,tulu-dpo,none,default,politicians
285,0,Joe Biden,tulu-dpo,none,default,politicians
301,0,Joe Biden,tulu-dpo,none,default,politicians
317,0,Joe Biden,tulu-dpo,none,default,politicians
318,0,Joe Biden,tulu-dpo,none,default,politicians
338,0,Joe Biden,tulu-dpo,none,default,politicians
345,0,Joe Biden,tulu-dpo,none,default,politicians
366,0,Joe Biden,tulu-dpo,none,default,politicians
375,0,Joe Biden,tulu-dpo,none,default,politicians
381,0,Joe Biden,tulu-dpo,none,default,politicians
399,0,Joe Biden,tulu-dpo,none,default,politicians
436,0,Joe Biden,tulu-dpo,none,default,politicians
439,0,Joe Biden,tulu-dpo,none,default,politicians
444,0,Joe Biden,tulu-dpo,none,default,politicians
463,0,Joe Biden,tulu-dpo,none,default,politicians
484,0,Joe Biden,tulu-dpo,none,default,politicians
492,0,Joe Biden,tulu-dpo,none,default,politicians
552,0,Joe Biden,tulu-dpo,none,default,politicians
573,0,Joe Biden,tulu-dpo,none,default,politicians
581,0,Joe Biden,tulu-dpo,none,default,politicians
607,0,Joe Biden,tulu-dpo,none,default,politicians
609,0,Joe Biden,tulu-dpo,none,default,politicians
611,0,Joe Biden,tulu-dpo,none,default,politicians
615,0,Joe Biden,tulu-dpo,none,default,politicians
635,0,Joe Biden,tulu-dpo,none,default,politicians
639,0,Joe Biden,tulu-dpo,none,default,politicians
679,0,Joe Biden,tulu-dpo,none,default,politicians
681,0,Joe Biden,tulu-dpo,none,default,politicians
713,0,Joe Biden,tulu-dpo,none,default,politicians
721,0,Joe Biden,tulu-dpo,none,default,politicians
726,0,Joe Biden,tulu-dpo,none,default,politicians
737,0,Joe Biden,tulu-dpo,none,default,politicians
739,0,Joe Biden,tulu-dpo,none,default,politicians
741,0,Joe Biden,tulu-dpo,none,default,politicians
768,0,Joe Biden,tulu-dpo,none,default,politicians
773,0,Joe Biden,tulu-dpo,none,default,politicians
777,0,Joe Biden,tulu-dpo,none,default,politicians
781,0,Joe Biden,tulu-dpo,none,default,politicians
784,0,Joe Biden,tulu-dpo,none,default,politicians
816,0,Joe Biden,tulu-dpo,none,default,politicians
817,0,Joe Biden,tulu-dpo,none,default,politicians
827,0,Joe Biden,tulu-dpo,none,default,politicians
839,0,Joe Biden,tulu-dpo,none,default,politicians
845,0,Joe Biden,tulu-dpo,none,default,politicians
848,0,Joe Biden,tulu-dpo,none,default,politicians
856,0,Joe Biden,tulu-dpo,none,default,politicians
861,0,Joe Biden,tulu-dpo,none,default,politicians
883,0,Joe Biden,tulu-dpo,none,default,politicians
889,0,Joe Biden,tulu-dpo,none,default,politicians
897,0,Joe Biden,tulu-dpo,none,default,politicians
15,0,Elizabeth Warren,tulu-dpo,none,default,politicians
32,0,Elizabeth Warren,tulu-dpo,none,default,politicians
35,0,Elizabeth Warren,tulu-dpo,none,default,politicians
45,0,Elizabeth Warren,tulu-dpo,none,default,politicians
73,0,Elizabeth Warren,tulu-dpo,none,default,politicians
92,0,Elizabeth Warren,tulu-dpo,none,default,politicians
105,0,Elizabeth Warren,tulu-dpo,none,default,politicians
112,0,Elizabeth Warren,tulu-dpo,none,default,politicians
115,0,Elizabeth Warren,tulu-dpo,none,default,politicians
127,0,Elizabeth Warren,tulu-dpo,none,default,politicians
137,0,Elizabeth Warren,tulu-dpo,none,default,politicians
155,0,Elizabeth Warren,tulu-dpo,none,default,politicians
172,0,Elizabeth Warren,tulu-dpo,none,default,politicians
181,0,Elizabeth Warren,tulu-dpo,none,default,politicians
186,0,Elizabeth Warren,tulu-dpo,none,default,politicians
196,0,Elizabeth Warren,tulu-dpo,none,default,politicians
234,0,Elizabeth Warren,tulu-dpo,none,default,politicians
269,0,Elizabeth Warren,tulu-dpo,none,default,politicians
287,0,Elizabeth Warren,tulu-dpo,none,default,politicians
290,0,Elizabeth Warren,tulu-dpo,none,default,politicians
296,0,Elizabeth Warren,tulu-dpo,none,default,politicians
300,0,Elizabeth Warren,tulu-dpo,none,default,politicians
303,0,Elizabeth Warren,tulu-dpo,none,default,politicians
307,0,Elizabeth Warren,tulu-dpo,none,default,politicians
364,0,Elizabeth Warren,tulu-dpo,none,default,politicians
367,0,Elizabeth Warren,tulu-dpo,none,default,politicians
368,0,Elizabeth Warren,tulu-dpo,none,default,politicians
386,0,Elizabeth Warren,tulu-dpo,none,default,politicians
388,0,Elizabeth Warren,tulu-dpo,none,default,politicians
391,0,Elizabeth Warren,tulu-dpo,none,default,politicians
403,0,Elizabeth Warren,tulu-dpo,none,default,politicians
409,0,Elizabeth Warren,tulu-dpo,none,default,politicians
412,0,Elizabeth Warren,tulu-dpo,none,default,politicians
415,0,Elizabeth Warren,tulu-dpo,none,default,politicians
418,0,Elizabeth Warren,tulu-dpo,none,default,politicians
427,0,Elizabeth Warren,tulu-dpo,none,default,politicians
437,0,Elizabeth Warren,tulu-dpo,none,default,politicians
450,0,Elizabeth Warren,tulu-dpo,none,default,politicians
473,0,Elizabeth Warren,tulu-dpo,none,default,politicians
478,0,Elizabeth Warren,tulu-dpo,none,default,politicians
482,0,Elizabeth Warren,tulu-dpo,none,default,politicians
516,0,Elizabeth Warren,tulu-dpo,none,default,politicians
517,0,Elizabeth Warren,tulu-dpo,none,default,politicians
521,0,Elizabeth Warren,tulu-dpo,none,default,politicians
523,0,Elizabeth Warren,tulu-dpo,none,default,politicians
527,0,Elizabeth Warren,tulu-dpo,none,default,politicians
532,0,Elizabeth Warren,tulu-dpo,none,default,politicians
549,0,Elizabeth Warren,tulu-dpo,none,default,politicians
589,0,Elizabeth Warren,tulu-dpo,none,default,politicians
590,0,Elizabeth Warren,tulu-dpo,none,default,politicians
600,0,Elizabeth Warren,tulu-dpo,none,default,politicians
610,0,Elizabeth Warren,tulu-dpo,none,default,politicians
618,0,Elizabeth Warren,tulu-dpo,none,default,politicians
625,0,Elizabeth Warren,tulu-dpo,none,default,politicians
631,0,Elizabeth Warren,tulu-dpo,none,default,politicians
645,0,Elizabeth Warren,tulu-dpo,none,default,politicians
655,0,Elizabeth Warren,tulu-dpo,none,default,politicians
659,0,Elizabeth Warren,tulu-dpo,none,default,politicians
660,0,Elizabeth Warren,tulu-dpo,none,default,politicians
665,0,Elizabeth Warren,tulu-dpo,none,default,politicians
666,0,Elizabeth Warren,tulu-dpo,none,default,politicians
692,0,Elizabeth Warren,tulu-dpo,none,default,politicians
696,0,Elizabeth Warren,tulu-dpo,none,default,politicians
697,0,Elizabeth Warren,tulu-dpo,none,default,politicians
718,0,Elizabeth Warren,tulu-dpo,none,default,politicians
727,0,Elizabeth Warren,tulu-dpo,none,default,politicians
730,0,Elizabeth Warren,tulu-dpo,none,default,politicians
749,0,Elizabeth Warren,tulu-dpo,none,default,politicians
750,0,Elizabeth Warren,tulu-dpo,none,default,politicians
757,0,Elizabeth Warren,tulu-dpo,none,default,politicians
796,0,Elizabeth Warren,tulu-dpo,none,default,politicians
822,0,Elizabeth Warren,tulu-dpo,none,default,politicians
829,0,Elizabeth Warren,tulu-dpo,none,default,politicians
832,0,Elizabeth Warren,tulu-dpo,none,default,politicians
834,0,Elizabeth Warren,tulu-dpo,none,default,politicians
846,0,Elizabeth Warren,tulu-dpo,none,default,politicians
864,0,Elizabeth Warren,tulu-dpo,none,default,politicians
877,0,Elizabeth Warren,tulu-dpo,none,default,politicians
885,0,Elizabeth Warren,tulu-dpo,none,default,politicians
893,0,Elizabeth Warren,tulu-dpo,none,default,politicians
5,0,Ronald Reagan,tulu-dpo,none,default,politicians
22,0,Ronald Reagan,tulu-dpo,none,default,politicians
26,0,Ronald Reagan,tulu-dpo,none,default,politicians
42,0,Ronald Reagan,tulu-dpo,none,default,politicians
44,0,Ronald Reagan,tulu-dpo,none,default,politicians
59,0,Ronald Reagan,tulu-dpo,none,default,politicians
63,0,Ronald Reagan,tulu-dpo,none,default,politicians
65,0,Ronald Reagan,tulu-dpo,none,default,politicians
75,0,Ronald Reagan,tulu-dpo,none,default,politicians
93,0,Ronald Reagan,tulu-dpo,none,default,politicians
95,0,Ronald Reagan,tulu-dpo,none,default,politicians
116,0,Ronald Reagan,tulu-dpo,none,default,politicians
120,0,Ronald Reagan,tulu-dpo,none,default,politicians
121,0,Ronald Reagan,tulu-dpo,none,default,politicians
140,0,Ronald Reagan,tulu-dpo,none,default,politicians
158,0,Ronald Reagan,tulu-dpo,none,default,politicians
166,0,Ronald Reagan,tulu-dpo,none,default,politicians
187,0,Ronald Reagan,tulu-dpo,none,default,politicians
208,0,Ronald Reagan,tulu-dpo,none,default,politicians
225,0,Ronald Reagan,tulu-dpo,none,default,politicians
313,0,Ronald Reagan,tulu-dpo,none,default,politicians
315,0,Ronald Reagan,tulu-dpo,none,default,politicians
323,0,Ronald Reagan,tulu-dpo,none,default,politicians
325,0,Ronald Reagan,tulu-dpo,none,default,politicians
332,0,Ronald Reagan,tulu-dpo,none,default,politicians
334,0,Ronald Reagan,tulu-dpo,none,default,politicians
339,0,Ronald Reagan,tulu-dpo,none,default,politicians
354,0,Ronald Reagan,tulu-dpo,none,default,politicians
356,0,Ronald Reagan,tulu-dpo,none,default,politicians
357,0,Ronald Reagan,tulu-dpo,none,default,politicians
361,0,Ronald Reagan,tulu-dpo,none,default,politicians
378,0,Ronald Reagan,tulu-dpo,none,default,politicians
383,0,Ronald Reagan,tulu-dpo,none,default,politicians
385,0,Ronald Reagan,tulu-dpo,none,default,politicians
387,0,Ronald Reagan,tulu-dpo,none,default,politicians
393,0,Ronald Reagan,tulu-dpo,none,default,politicians
394,0,Ronald Reagan,tulu-dpo,none,default,politicians
407,0,Ronald Reagan,tulu-dpo,none,default,politicians
416,0,Ronald Reagan,tulu-dpo,none,default,politicians
417,0,Ronald Reagan,tulu-dpo,none,default,politicians
424,0,Ronald Reagan,tulu-dpo,none,default,politicians
425,0,Ronald Reagan,tulu-dpo,none,default,politicians
431,0,Ronald Reagan,tulu-dpo,none,default,politicians
432,0,Ronald Reagan,tulu-dpo,none,default,politicians
434,0,Ronald Reagan,tulu-dpo,none,default,politicians
455,0,Ronald Reagan,tulu-dpo,none,default,politicians
464,0,Ronald Reagan,tulu-dpo,none,default,politicians
465,0,Ronald Reagan,tulu-dpo,none,default,politicians
466,0,Ronald Reagan,tulu-dpo,none,default,politicians
472,0,Ronald Reagan,tulu-dpo,none,default,politicians
481,0,Ronald Reagan,tulu-dpo,none,default,politicians
515,0,Ronald Reagan,tulu-dpo,none,default,politicians
528,0,Ronald Reagan,tulu-dpo,none,default,politicians
529,0,Ronald Reagan,tulu-dpo,none,default,politicians
531,0,Ronald Reagan,tulu-dpo,none,default,politicians
537,0,Ronald Reagan,tulu-dpo,none,default,politicians
538,0,Ronald Reagan,tulu-dpo,none,default,politicians
543,0,Ronald Reagan,tulu-dpo,none,default,politicians
546,0,Ronald Reagan,tulu-dpo,none,default,politicians
565,0,Ronald Reagan,tulu-dpo,none,default,politicians
566,0,Ronald Reagan,tulu-dpo,none,default,politicians
571,0,Ronald Reagan,tulu-dpo,none,default,politicians
586,0,Ronald Reagan,tulu-dpo,none,default,politicians
606,0,Ronald Reagan,tulu-dpo,none,default,politicians
614,0,Ronald Reagan,tulu-dpo,none,default,politicians
616,0,Ronald Reagan,tulu-dpo,none,default,politicians
634,0,Ronald Reagan,tulu-dpo,none,default,politicians
646,0,Ronald Reagan,tulu-dpo,none,default,politicians
668,0,Ronald Reagan,tulu-dpo,none,default,politicians
683,0,Ronald Reagan,tulu-dpo,none,default,politicians
684,0,Ronald Reagan,tulu-dpo,none,default,politicians
715,0,Ronald Reagan,tulu-dpo,none,default,politicians
720,0,Ronald Reagan,tulu-dpo,none,default,politicians
723,0,Ronald Reagan,tulu-dpo,none,default,politicians
746,0,Ronald Reagan,tulu-dpo,none,default,politicians
759,0,Ronald Reagan,tulu-dpo,none,default,politicians
762,0,Ronald Reagan,tulu-dpo,none,default,politicians
764,0,Ronald Reagan,tulu-dpo,none,default,politicians
770,0,Ronald Reagan,tulu-dpo,none,default,politicians
783,0,Ronald Reagan,tulu-dpo,none,default,politicians
790,0,Ronald Reagan,tulu-dpo,none,default,politicians
797,0,Ronald Reagan,tulu-dpo,none,default,politicians
803,0,Ronald Reagan,tulu-dpo,none,default,politicians
809,0,Ronald Reagan,tulu-dpo,none,default,politicians
820,0,Ronald Reagan,tulu-dpo,none,default,politicians
825,0,Ronald Reagan,tulu-dpo,none,default,politicians
862,0,Ronald Reagan,tulu-dpo,none,default,politicians
866,0,Ronald Reagan,tulu-dpo,none,default,politicians
875,0,Ronald Reagan,tulu-dpo,none,default,politicians
884,0,Ronald Reagan,tulu-dpo,none,default,politicians
887,0,Ronald Reagan,tulu-dpo,none,default,politicians
13,0,Bernie Sanders,tulu-dpo,none,default,politicians
27,0,Bernie Sanders,tulu-dpo,none,default,politicians
33,0,Bernie Sanders,tulu-dpo,none,default,politicians
50,0,Bernie Sanders,tulu-dpo,none,default,politicians
86,0,Bernie Sanders,tulu-dpo,none,default,politicians
90,0,Bernie Sanders,tulu-dpo,none,default,politicians
106,0,Bernie Sanders,tulu-dpo,none,default,politicians
109,0,Bernie Sanders,tulu-dpo,none,default,politicians
111,0,Bernie Sanders,tulu-dpo,none,default,politicians
113,0,Bernie Sanders,tulu-dpo,none,default,politicians
132,0,Bernie Sanders,tulu-dpo,none,default,politicians
150,0,Bernie Sanders,tulu-dpo,none,default,politicians
157,0,Bernie Sanders,tulu-dpo,none,default,politicians
170,0,Bernie Sanders,tulu-dpo,none,default,politicians
184,0,Bernie Sanders,tulu-dpo,none,default,politicians
204,0,Bernie Sanders,tulu-dpo,none,default,politicians
207,0,Bernie Sanders,tulu-dpo,none,default,politicians
209,0,Bernie Sanders,tulu-dpo,none,default,politicians
226,0,Bernie Sanders,tulu-dpo,none,default,politicians
239,0,Bernie Sanders,tulu-dpo,none,default,politicians
240,0,Bernie Sanders,tulu-dpo,none,default,politicians
255,0,Bernie Sanders,tulu-dpo,none,default,politicians
257,0,Bernie Sanders,tulu-dpo,none,default,politicians
274,0,Bernie Sanders,tulu-dpo,none,default,politicians
277,0,Bernie Sanders,tulu-dpo,none,default,politicians
291,0,Bernie Sanders,tulu-dpo,none,default,politicians
293,0,Bernie Sanders,tulu-dpo,none,default,politicians
298,0,Bernie Sanders,tulu-dpo,none,default,politicians
304,0,Bernie Sanders,tulu-dpo,none,default,politicians
310,0,Bernie Sanders,tulu-dpo,none,default,politicians
316,0,Bernie Sanders,tulu-dpo,none,default,politicians
335,0,Bernie Sanders,tulu-dpo,none,default,politicians
352,0,Bernie Sanders,tulu-dpo,none,default,politicians
373,0,Bernie Sanders,tulu-dpo,none,default,politicians
379,0,Bernie Sanders,tulu-dpo,none,default,politicians
382,0,Bernie Sanders,tulu-dpo,none,default,politicians
408,0,Bernie Sanders,tulu-dpo,none,default,politicians
433,0,Bernie Sanders,tulu-dpo,none,default,politicians
446,0,Bernie Sanders,tulu-dpo,none,default,politicians
449,0,Bernie Sanders,tulu-dpo,none,default,politicians
451,0,Bernie Sanders,tulu-dpo,none,default,politicians
457,0,Bernie Sanders,tulu-dpo,none,default,politicians
468,0,Bernie Sanders,tulu-dpo,none,default,politicians
485,0,Bernie Sanders,tulu-dpo,none,default,politicians
487,0,Bernie Sanders,tulu-dpo,none,default,politicians
499,0,Bernie Sanders,tulu-dpo,none,default,politicians
506,0,Bernie Sanders,tulu-dpo,none,default,politicians
510,0,Bernie Sanders,tulu-dpo,none,default,politicians
514,0,Bernie Sanders,tulu-dpo,none,default,politicians
518,0,Bernie Sanders,tulu-dpo,none,default,politicians
533,0,Bernie Sanders,tulu-dpo,none,default,politicians
551,0,Bernie Sanders,tulu-dpo,none,default,politicians
562,0,Bernie Sanders,tulu-dpo,none,default,politicians
567,0,Bernie Sanders,tulu-dpo,none,default,politicians
569,0,Bernie Sanders,tulu-dpo,none,default,politicians
592,0,Bernie Sanders,tulu-dpo,none,default,politicians
593,0,Bernie Sanders,tulu-dpo,none,default,politicians
603,0,Bernie Sanders,tulu-dpo,none,default,politicians
630,0,Bernie Sanders,tulu-dpo,none,default,politicians
653,0,Bernie Sanders,tulu-dpo,none,default,politicians
670,0,Bernie Sanders,tulu-dpo,none,default,politicians
675,0,Bernie Sanders,tulu-dpo,none,default,politicians
688,0,Bernie Sanders,tulu-dpo,none,default,politicians
699,0,Bernie Sanders,tulu-dpo,none,default,politicians
707,0,Bernie Sanders,tulu-dpo,none,default,politicians
716,0,Bernie Sanders,tulu-dpo,none,default,politicians
732,0,Bernie Sanders,tulu-dpo,none,default,politicians
743,0,Bernie Sanders,tulu-dpo,none,default,politicians
744,0,Bernie Sanders,tulu-dpo,none,default,politicians
747,0,Bernie Sanders,tulu-dpo,none,default,politicians
748,0,Bernie Sanders,tulu-dpo,none,default,politicians
775,0,Bernie Sanders,tulu-dpo,none,default,politicians
785,0,Bernie Sanders,tulu-dpo,none,default,politicians
787,0,Bernie Sanders,tulu-dpo,none,default,politicians
792,0,Bernie Sanders,tulu-dpo,none,default,politicians
793,0,Bernie Sanders,tulu-dpo,none,default,politicians
810,0,Bernie Sanders,tulu-dpo,none,default,politicians
819,0,Bernie Sanders,tulu-dpo,none,default,politicians
843,0,Bernie Sanders,tulu-dpo,none,default,politicians
844,0,Bernie Sanders,tulu-dpo,none,default,politicians
858,0,Bernie Sanders,tulu-dpo,none,default,politicians
863,0,Bernie Sanders,tulu-dpo,none,default,politicians
869,0,Bernie Sanders,tulu-dpo,none,default,politicians
879,0,Bernie Sanders,tulu-dpo,none,default,politicians
14,0,George W. Bush,tulu-dpo,none,default,politicians
18,0,George W. Bush,tulu-dpo,none,default,politicians
23,0,George W. Bush,tulu-dpo,none,default,politicians
57,0,George W. Bush,tulu-dpo,none,default,politicians
58,0,George W. Bush,tulu-dpo,none,default,politicians
61,0,George W. Bush,tulu-dpo,none,default,politicians
108,0,George W. Bush,tulu-dpo,none,default,politicians
133,0,George W. Bush,tulu-dpo,none,default,politicians
138,0,George W. Bush,tulu-dpo,none,default,politicians
152,0,George W. Bush,tulu-dpo,none,default,politicians
160,0,George W. Bush,tulu-dpo,none,default,politicians
179,0,George W. Bush,tulu-dpo,none,default,politicians
188,0,George W. Bush,tulu-dpo,none,default,politicians
194,0,George W. Bush,tulu-dpo,none,default,politicians
199,0,George W. Bush,tulu-dpo,none,default,politicians
200,0,George W. Bush,tulu-dpo,none,default,politicians
203,0,George W. Bush,tulu-dpo,none,default,politicians
244,0,George W. Bush,tulu-dpo,none,default,politicians
252,0,George W. Bush,tulu-dpo,none,default,politicians
262,0,George W. Bush,tulu-dpo,none,default,politicians
278,0,George W. Bush,tulu-dpo,none,default,politicians
280,0,George W. Bush,tulu-dpo,none,default,politicians
281,0,George W. Bush,tulu-dpo,none,default,politicians
282,0,George W. Bush,tulu-dpo,none,default,politicians
284,0,George W. Bush,tulu-dpo,none,default,politicians
297,0,George W. Bush,tulu-dpo,none,default,politicians
314,0,George W. Bush,tulu-dpo,none,default,politicians
320,0,George W. Bush,tulu-dpo,none,default,politicians
330,0,George W. Bush,tulu-dpo,none,default,politicians
351,0,George W. Bush,tulu-dpo,none,default,politicians
355,0,George W. Bush,tulu-dpo,none,default,politicians
358,0,George W. Bush,tulu-dpo,none,default,politicians
362,0,George W. Bush,tulu-dpo,none,default,politicians
363,0,George W. Bush,tulu-dpo,none,default,politicians
371,0,George W. Bush,tulu-dpo,none,default,politicians
397,0,George W. Bush,tulu-dpo,none,default,politicians
404,0,George W. Bush,tulu-dpo,none,default,politicians
410,0,George W. Bush,tulu-dpo,none,default,politicians
426,0,George W. Bush,tulu-dpo,none,default,politicians
505,0,George W. Bush,tulu-dpo,none,default,politicians
540,0,George W. Bush,tulu-dpo,none,default,politicians
550,0,George W. Bush,tulu-dpo,none,default,politicians
554,0,George W. Bush,tulu-dpo,none,default,politicians
561,0,George W. Bush,tulu-dpo,none,default,politicians
563,0,George W. Bush,tulu-dpo,none,default,politicians
583,0,George W. Bush,tulu-dpo,none,default,politicians
585,0,George W. Bush,tulu-dpo,none,default,politicians
588,0,George W. Bush,tulu-dpo,none,default,politicians
601,0,George W. Bush,tulu-dpo,none,default,politicians
602,0,George W. Bush,tulu-dpo,none,default,politicians
608,0,George W. Bush,tulu-dpo,none,default,politicians
621,0,George W. Bush,tulu-dpo,none,default,politicians
628,0,George W. Bush,tulu-dpo,none,default,politicians
641,0,George W. Bush,tulu-dpo,none,default,politicians
648,0,George W. Bush,tulu-dpo,none,default,politicians
657,0,George W. Bush,tulu-dpo,none,default,politicians
661,0,George W. Bush,tulu-dpo,none,default,politicians
686,0,George W. Bush,tulu-dpo,none,default,politicians
687,0,George W. Bush,tulu-dpo,none,default,politicians
691,0,George W. Bush,tulu-dpo,none,default,politicians
701,0,George W. Bush,tulu-dpo,none,default,politicians
703,0,George W. Bush,tulu-dpo,none,default,politicians
711,0,George W. Bush,tulu-dpo,none,default,politicians
729,0,George W. Bush,tulu-dpo,none,default,politicians
753,0,George W. Bush,tulu-dpo,none,default,politicians
767,0,George W. Bush,tulu-dpo,none,default,politicians
778,0,George W. Bush,tulu-dpo,none,default,politicians
791,0,George W. Bush,tulu-dpo,none,default,politicians
802,0,George W. Bush,tulu-dpo,none,default,politicians
814,0,George W. Bush,tulu-dpo,none,default,politicians
823,0,George W. Bush,tulu-dpo,none,default,politicians
828,0,George W. Bush,tulu-dpo,none,default,politicians
833,1,George W. Bush,tulu-dpo,none,default,politicians
835,0,George W. Bush,tulu-dpo,none,default,politicians
836,0,George W. Bush,tulu-dpo,none,default,politicians
849,0,George W. Bush,tulu-dpo,none,default,politicians
853,0,George W. Bush,tulu-dpo,none,default,politicians
857,0,George W. Bush,tulu-dpo,none,default,politicians
865,0,George W. Bush,tulu-dpo,none,default,politicians
867,0,George W. Bush,tulu-dpo,none,default,politicians
876,0,George W. Bush,tulu-dpo,none,default,politicians
881,0,George W. Bush,tulu-dpo,none,default,politicians
898,0,George W. Bush,tulu-dpo,none,default,politicians
21,0,Abraham Lincoln,tulu-dpo,none,default,politicians
25,0,Abraham Lincoln,tulu-dpo,none,default,politicians
51,0,Abraham Lincoln,tulu-dpo,none,default,politicians
78,0,Abraham Lincoln,tulu-dpo,none,default,politicians
83,0,Abraham Lincoln,tulu-dpo,none,default,politicians
87,0,Abraham Lincoln,tulu-dpo,none,default,politicians
91,0,Abraham Lincoln,tulu-dpo,none,default,politicians
110,0,Abraham Lincoln,tulu-dpo,none,default,politicians
114,0,Abraham Lincoln,tulu-dpo,none,default,politicians
144,0,Abraham Lincoln,tulu-dpo,none,default,politicians
145,0,Abraham Lincoln,tulu-dpo,none,default,politicians
156,0,Abraham Lincoln,tulu-dpo,none,default,politicians
164,0,Abraham Lincoln,tulu-dpo,none,default,politicians
165,0,Abraham Lincoln,tulu-dpo,none,default,politicians
171,0,Abraham Lincoln,tulu-dpo,none,default,politicians
173,0,Abraham Lincoln,tulu-dpo,none,default,politicians
175,0,Abraham Lincoln,tulu-dpo,none,default,politicians
176,0,Abraham Lincoln,tulu-dpo,none,default,politicians
182,0,Abraham Lincoln,tulu-dpo,none,default,politicians
183,0,Abraham Lincoln,tulu-dpo,none,default,politicians
193,0,Abraham Lincoln,tulu-dpo,none,default,politicians
201,0,Abraham Lincoln,tulu-dpo,none,default,politicians
215,0,Abraham Lincoln,tulu-dpo,none,default,politicians
220,0,Abraham Lincoln,tulu-dpo,none,default,politicians
231,0,Abraham Lincoln,tulu-dpo,none,default,politicians
233,0,Abraham Lincoln,tulu-dpo,none,default,politicians
246,0,Abraham Lincoln,tulu-dpo,none,default,politicians
249,0,Abraham Lincoln,tulu-dpo,none,default,politicians
266,0,Abraham Lincoln,tulu-dpo,none,default,politicians
268,0,Abraham Lincoln,tulu-dpo,none,default,politicians
276,0,Abraham Lincoln,tulu-dpo,none,default,politicians
288,0,Abraham Lincoln,tulu-dpo,none,default,politicians
289,0,Abraham Lincoln,tulu-dpo,none,default,politicians
294,0,Abraham Lincoln,tulu-dpo,none,default,politicians
295,0,Abraham Lincoln,tulu-dpo,none,default,politicians
302,0,Abraham Lincoln,tulu-dpo,none,default,politicians
305,0,Abraham Lincoln,tulu-dpo,none,default,politicians
309,0,Abraham Lincoln,tulu-dpo,none,default,politicians
326,0,Abraham Lincoln,tulu-dpo,none,default,politicians
344,0,Abraham Lincoln,tulu-dpo,none,default,politicians
359,0,Abraham Lincoln,tulu-dpo,none,default,politicians
365,0,Abraham Lincoln,tulu-dpo,none,default,politicians
380,0,Abraham Lincoln,tulu-dpo,none,default,politicians
395,0,Abraham Lincoln,tulu-dpo,none,default,politicians
401,0,Abraham Lincoln,tulu-dpo,none,default,politicians
413,0,Abraham Lincoln,tulu-dpo,none,default,politicians
421,0,Abraham Lincoln,tulu-dpo,none,default,politicians
435,0,Abraham Lincoln,tulu-dpo,none,default,politicians
442,0,Abraham Lincoln,tulu-dpo,none,default,politicians
448,0,Abraham Lincoln,tulu-dpo,none,default,politicians
452,0,Abraham Lincoln,tulu-dpo,none,default,politicians
453,0,Abraham Lincoln,tulu-dpo,none,default,politicians
461,0,Abraham Lincoln,tulu-dpo,none,default,politicians
486,0,Abraham Lincoln,tulu-dpo,none,default,politicians
490,0,Abraham Lincoln,tulu-dpo,none,default,politicians
495,0,Abraham Lincoln,tulu-dpo,none,default,politicians
501,0,Abraham Lincoln,tulu-dpo,none,default,politicians
507,0,Abraham Lincoln,tulu-dpo,none,default,politicians
539,0,Abraham Lincoln,tulu-dpo,none,default,politicians
553,0,Abraham Lincoln,tulu-dpo,none,default,politicians
556,0,Abraham Lincoln,tulu-dpo,none,default,politicians
576,0,Abraham Lincoln,tulu-dpo,none,default,politicians
579,0,Abraham Lincoln,tulu-dpo,none,default,politicians
582,0,Abraham Lincoln,tulu-dpo,none,default,politicians
598,0,Abraham Lincoln,tulu-dpo,none,default,politicians
599,0,Abraham Lincoln,tulu-dpo,none,default,politicians
622,0,Abraham Lincoln,tulu-dpo,none,default,politicians
624,0,Abraham Lincoln,tulu-dpo,none,default,politicians
640,0,Abraham Lincoln,tulu-dpo,none,default,politicians
642,0,Abraham Lincoln,tulu-dpo,none,default,politicians
644,0,Abraham Lincoln,tulu-dpo,none,default,politicians
650,0,Abraham Lincoln,tulu-dpo,none,default,politicians
654,0,Abraham Lincoln,tulu-dpo,none,default,politicians
658,0,Abraham Lincoln,tulu-dpo,none,default,politicians
671,0,Abraham Lincoln,tulu-dpo,none,default,politicians
677,0,Abraham Lincoln,tulu-dpo,none,default,politicians
678,0,Abraham Lincoln,tulu-dpo,none,default,politicians
690,0,Abraham Lincoln,tulu-dpo,none,default,politicians
712,0,Abraham Lincoln,tulu-dpo,none,default,politicians
717,0,Abraham Lincoln,tulu-dpo,none,default,politicians
722,0,Abraham Lincoln,tulu-dpo,none,default,politicians
756,0,Abraham Lincoln,tulu-dpo,none,default,politicians
761,0,Abraham Lincoln,tulu-dpo,none,default,politicians
769,0,Abraham Lincoln,tulu-dpo,none,default,politicians
772,0,Abraham Lincoln,tulu-dpo,none,default,politicians
774,0,Abraham Lincoln,tulu-dpo,none,default,politicians
800,0,Abraham Lincoln,tulu-dpo,none,default,politicians
805,0,Abraham Lincoln,tulu-dpo,none,default,politicians
818,0,Abraham Lincoln,tulu-dpo,none,default,politicians
831,0,Abraham Lincoln,tulu-dpo,none,default,politicians
855,0,Abraham Lincoln,tulu-dpo,none,default,politicians
871,0,Abraham Lincoln,tulu-dpo,none,default,politicians
873,0,Abraham Lincoln,tulu-dpo,none,default,politicians
874,0,Abraham Lincoln,tulu-dpo,none,default,politicians
880,0,Abraham Lincoln,tulu-dpo,none,default,politicians
892,0,Abraham Lincoln,tulu-dpo,none,default,politicians
24,0,Richard Nixon,tulu-dpo,none,default,politicians
30,0,Richard Nixon,tulu-dpo,none,default,politicians
40,0,Richard Nixon,tulu-dpo,none,default,politicians
43,0,Richard Nixon,tulu-dpo,none,default,politicians
69,0,Richard Nixon,tulu-dpo,none,default,politicians
76,0,Richard Nixon,tulu-dpo,none,default,politicians
77,0,Richard Nixon,tulu-dpo,none,default,politicians
79,0,Richard Nixon,tulu-dpo,none,default,politicians
81,0,Richard Nixon,tulu-dpo,none,default,politicians
98,0,Richard Nixon,tulu-dpo,none,default,politicians
119,0,Richard Nixon,tulu-dpo,none,default,politicians
136,0,Richard Nixon,tulu-dpo,none,default,politicians
142,0,Richard Nixon,tulu-dpo,none,default,politicians
146,0,Richard Nixon,tulu-dpo,none,default,politicians
147,0,Richard Nixon,tulu-dpo,none,default,politicians
149,0,Richard Nixon,tulu-dpo,none,default,politicians
154,0,Richard Nixon,tulu-dpo,none,default,politicians
162,0,Richard Nixon,tulu-dpo,none,default,politicians
202,0,Richard Nixon,tulu-dpo,none,default,politicians
214,0,Richard Nixon,tulu-dpo,none,default,politicians
221,0,Richard Nixon,tulu-dpo,none,default,politicians
222,0,Richard Nixon,tulu-dpo,none,default,politicians
229,0,Richard Nixon,tulu-dpo,none,default,politicians
237,0,Richard Nixon,tulu-dpo,none,default,politicians
238,0,Richard Nixon,tulu-dpo,none,default,politicians
256,0,Richard Nixon,tulu-dpo,none,default,politicians
258,0,Richard Nixon,tulu-dpo,none,default,politicians
264,0,Richard Nixon,tulu-dpo,none,default,politicians
299,0,Richard Nixon,tulu-dpo,none,default,politicians
312,0,Richard Nixon,tulu-dpo,none,default,politicians
329,0,Richard Nixon,tulu-dpo,none,default,politicians
337,0,Richard Nixon,tulu-dpo,none,default,politicians
341,0,Richard Nixon,tulu-dpo,none,default,politicians
353,0,Richard Nixon,tulu-dpo,none,default,politicians
390,0,Richard Nixon,tulu-dpo,none,default,politicians
398,0,Richard Nixon,tulu-dpo,none,default,politicians
411,0,Richard Nixon,tulu-dpo,none,default,politicians
469,0,Richard Nixon,tulu-dpo,none,default,politicians
477,0,Richard Nixon,tulu-dpo,none,default,politicians
479,0,Richard Nixon,tulu-dpo,none,default,politicians
483,0,Richard Nixon,tulu-dpo,none,default,politicians
498,0,Richard Nixon,tulu-dpo,none,default,politicians
504,0,Richard Nixon,tulu-dpo,none,default,politicians
509,0,Richard Nixon,tulu-dpo,none,default,politicians
511,0,Richard Nixon,tulu-dpo,none,default,politicians
519,0,Richard Nixon,tulu-dpo,none,default,politicians
525,0,Richard Nixon,tulu-dpo,none,default,politicians
536,0,Richard Nixon,tulu-dpo,none,default,politicians
544,0,Richard Nixon,tulu-dpo,none,default,politicians
558,0,Richard Nixon,tulu-dpo,none,default,politicians
574,0,Richard Nixon,tulu-dpo,none,default,politicians
578,0,Richard Nixon,tulu-dpo,none,default,politicians
580,0,Richard Nixon,tulu-dpo,none,default,politicians
595,0,Richard Nixon,tulu-dpo,none,default,politicians
597,0,Richard Nixon,tulu-dpo,none,default,politicians
605,0,Richard Nixon,tulu-dpo,none,default,politicians
619,0,Richard Nixon,tulu-dpo,none,default,politicians
623,0,Richard Nixon,tulu-dpo,none,default,politicians
632,0,Richard Nixon,tulu-dpo,none,default,politicians
647,0,Richard Nixon,tulu-dpo,none,default,politicians
652,0,Richard Nixon,tulu-dpo,none,default,politicians
673,0,Richard Nixon,tulu-dpo,none,default,politicians
693,0,Richard Nixon,tulu-dpo,none,default,politicians
710,0,Richard Nixon,tulu-dpo,none,default,politicians
733,0,Richard Nixon,tulu-dpo,none,default,politicians
742,0,Richard Nixon,tulu-dpo,none,default,politicians
758,0,Richard Nixon,tulu-dpo,none,default,politicians
763,0,Richard Nixon,tulu-dpo,none,default,politicians
765,0,Richard Nixon,tulu-dpo,none,default,politicians
766,0,Richard Nixon,tulu-dpo,none,default,politicians
799,0,Richard Nixon,tulu-dpo,none,default,politicians
804,0,Richard Nixon,tulu-dpo,none,default,politicians
807,0,Richard Nixon,tulu-dpo,none,default,politicians
811,0,Richard Nixon,tulu-dpo,none,default,politicians
821,0,Richard Nixon,tulu-dpo,none,default,politicians
830,0,Richard Nixon,tulu-dpo,none,default,politicians
841,0,Richard Nixon,tulu-dpo,none,default,politicians
859,0,Richard Nixon,tulu-dpo,none,default,politicians
894,0,Richard Nixon,tulu-dpo,none,default,politicians
896,0,Richard Nixon,tulu-dpo,none,default,politicians
5,0,a whale,tulu-dpo,none,default,animals
22,0,a whale,tulu-dpo,none,default,animals
26,0,a whale,tulu-dpo,none,default,animals
42,0,a whale,tulu-dpo,none,default,animals
59,0,a whale,tulu-dpo,none,default,animals
63,0,a whale,tulu-dpo,none,default,animals
65,0,a whale,tulu-dpo,none,default,animals
75,0,a whale,tulu-dpo,none,default,animals
93,0,a whale,tulu-dpo,none,default,animals
95,0,a whale,tulu-dpo,none,default,animals
116,0,a whale,tulu-dpo,none,default,animals
120,0,a whale,tulu-dpo,none,default,animals
121,0,a whale,tulu-dpo,none,default,animals
135,0,a whale,tulu-dpo,none,default,animals
140,0,a whale,tulu-dpo,none,default,animals
158,0,a whale,tulu-dpo,none,default,animals
166,0,a whale,tulu-dpo,none,default,animals
187,0,a whale,tulu-dpo,none,default,animals
208,0,a whale,tulu-dpo,none,default,animals
225,0,a whale,tulu-dpo,none,default,animals
228,0,a whale,tulu-dpo,none,default,animals
313,0,a whale,tulu-dpo,none,default,animals
315,0,a whale,tulu-dpo,none,default,animals
323,0,a whale,tulu-dpo,none,default,animals
325,0,a whale,tulu-dpo,none,default,animals
332,0,a whale,tulu-dpo,none,default,animals
334,0,a whale,tulu-dpo,none,default,animals
339,0,a whale,tulu-dpo,none,default,animals
354,0,a whale,tulu-dpo,none,default,animals
356,0,a whale,tulu-dpo,none,default,animals
357,0,a whale,tulu-dpo,none,default,animals
361,0,a whale,tulu-dpo,none,default,animals
378,0,a whale,tulu-dpo,none,default,animals
383,0,a whale,tulu-dpo,none,default,animals
385,0,a whale,tulu-dpo,none,default,animals
387,0,a whale,tulu-dpo,none,default,animals
393,0,a whale,tulu-dpo,none,default,animals
394,0,a whale,tulu-dpo,none,default,animals
407,0,a whale,tulu-dpo,none,default,animals
416,0,a whale,tulu-dpo,none,default,animals
417,0,a whale,tulu-dpo,none,default,animals
424,0,a whale,tulu-dpo,none,default,animals
425,0,a whale,tulu-dpo,none,default,animals
431,0,a whale,tulu-dpo,none,default,animals
432,0,a whale,tulu-dpo,none,default,animals
434,0,a whale,tulu-dpo,none,default,animals
455,0,a whale,tulu-dpo,none,default,animals
462,0,a whale,tulu-dpo,none,default,animals
465,0,a whale,tulu-dpo,none,default,animals
466,0,a whale,tulu-dpo,none,default,animals
515,0,a whale,tulu-dpo,none,default,animals
528,0,a whale,tulu-dpo,none,default,animals
529,0,a whale,tulu-dpo,none,default,animals
531,0,a whale,tulu-dpo,none,default,animals
537,0,a whale,tulu-dpo,none,default,animals
538,0,a whale,tulu-dpo,none,default,animals
543,0,a whale,tulu-dpo,none,default,animals
565,0,a whale,tulu-dpo,none,default,animals
566,0,a whale,tulu-dpo,none,default,animals
571,0,a whale,tulu-dpo,none,default,animals
586,0,a whale,tulu-dpo,none,default,animals
606,0,a whale,tulu-dpo,none,default,animals
612,0,a whale,tulu-dpo,none,default,animals
614,0,a whale,tulu-dpo,none,default,animals
616,0,a whale,tulu-dpo,none,default,animals
634,0,a whale,tulu-dpo,none,default,animals
646,0,a whale,tulu-dpo,none,default,animals
668,0,a whale,tulu-dpo,none,default,animals
669,0,a whale,tulu-dpo,none,default,animals
683,0,a whale,tulu-dpo,none,default,animals
684,0,a whale,tulu-dpo,none,default,animals
715,0,a whale,tulu-dpo,none,default,animals
720,0,a whale,tulu-dpo,none,default,animals
723,0,a whale,tulu-dpo,none,default,animals
746,0,a whale,tulu-dpo,none,default,animals
752,0,a whale,tulu-dpo,none,default,animals
759,0,a whale,tulu-dpo,none,default,animals
762,0,a whale,tulu-dpo,none,default,animals
764,0,a whale,tulu-dpo,none,default,animals
770,0,a whale,tulu-dpo,none,default,animals
779,0,a whale,tulu-dpo,none,default,animals
783,0,a whale,tulu-dpo,none,default,animals
797,0,a whale,tulu-dpo,none,default,animals
803,0,a whale,tulu-dpo,none,default,animals
809,0,a whale,tulu-dpo,none,default,animals
820,0,a whale,tulu-dpo,none,default,animals
825,0,a whale,tulu-dpo,none,default,animals
862,0,a whale,tulu-dpo,none,default,animals
866,0,a whale,tulu-dpo,none,default,animals
875,0,a whale,tulu-dpo,none,default,animals
884,0,a whale,tulu-dpo,none,default,animals
887,0,a whale,tulu-dpo,none,default,animals
6,0,a chicken,tulu-dpo,none,default,animals
13,0,a chicken,tulu-dpo,none,default,animals
27,0,a chicken,tulu-dpo,none,default,animals
31,0,a chicken,tulu-dpo,none,default,animals
33,0,a chicken,tulu-dpo,none,default,animals
50,0,a chicken,tulu-dpo,none,default,animals
86,0,a chicken,tulu-dpo,none,default,animals
89,0,a chicken,tulu-dpo,none,default,animals
90,0,a chicken,tulu-dpo,none,default,animals
106,0,a chicken,tulu-dpo,none,default,animals
109,0,a chicken,tulu-dpo,none,default,animals
111,0,a chicken,tulu-dpo,none,default,animals
113,0,a chicken,tulu-dpo,none,default,animals
122,0,a chicken,tulu-dpo,none,default,animals
132,0,a chicken,tulu-dpo,none,default,animals
150,0,a chicken,tulu-dpo,none,default,animals
157,0,a chicken,tulu-dpo,none,default,animals
184,0,a chicken,tulu-dpo,none,default,animals
204,0,a chicken,tulu-dpo,none,default,animals
207,0,a chicken,tulu-dpo,none,default,animals
209,0,a chicken,tulu-dpo,none,default,animals
210,0,a chicken,tulu-dpo,none,default,animals
226,0,a chicken,tulu-dpo,none,default,animals
239,0,a chicken,tulu-dpo,none,default,animals
240,0,a chicken,tulu-dpo,none,default,animals
241,0,a chicken,tulu-dpo,none,default,animals
255,0,a chicken,tulu-dpo,none,default,animals
257,0,a chicken,tulu-dpo,none,default,animals
263,0,a chicken,tulu-dpo,none,default,animals
274,0,a chicken,tulu-dpo,none,default,animals
283,0,a chicken,tulu-dpo,none,default,animals
291,0,a chicken,tulu-dpo,none,default,animals
293,0,a chicken,tulu-dpo,none,default,animals
298,0,a chicken,tulu-dpo,none,default,animals
304,0,a chicken,tulu-dpo,none,default,animals
310,0,a chicken,tulu-dpo,none,default,animals
316,0,a chicken,tulu-dpo,none,default,animals
335,0,a chicken,tulu-dpo,none,default,animals
346,0,a chicken,tulu-dpo,none,default,animals
373,0,a chicken,tulu-dpo,none,default,animals
379,0,a chicken,tulu-dpo,none,default,animals
382,0,a chicken,tulu-dpo,none,default,animals
406,0,a chicken,tulu-dpo,none,default,animals
408,0,a chicken,tulu-dpo,none,default,animals
433,0,a chicken,tulu-dpo,none,default,animals
446,0,a chicken,tulu-dpo,none,default,animals
449,0,a chicken,tulu-dpo,none,default,animals
451,0,a chicken,tulu-dpo,none,default,animals
459,0,a chicken,tulu-dpo,none,default,animals
468,0,a chicken,tulu-dpo,none,default,animals
485,0,a chicken,tulu-dpo,none,default,animals
487,0,a chicken,tulu-dpo,none,default,animals
499,0,a chicken,tulu-dpo,none,default,animals
510,0,a chicken,tulu-dpo,none,default,animals
514,0,a chicken,tulu-dpo,none,default,animals
518,0,a chicken,tulu-dpo,none,default,animals
533,0,a chicken,tulu-dpo,none,default,animals
551,0,a chicken,tulu-dpo,none,default,animals
562,0,a chicken,tulu-dpo,none,default,animals
567,0,a chicken,tulu-dpo,none,default,animals
569,0,a chicken,tulu-dpo,none,default,animals
577,0,a chicken,tulu-dpo,none,default,animals
592,0,a chicken,tulu-dpo,none,default,animals
593,0,a chicken,tulu-dpo,none,default,animals
603,0,a chicken,tulu-dpo,none,default,animals
627,0,a chicken,tulu-dpo,none,default,animals
630,0,a chicken,tulu-dpo,none,default,animals
653,0,a chicken,tulu-dpo,none,default,animals
662,0,a chicken,tulu-dpo,none,default,animals
670,0,a chicken,tulu-dpo,none,default,animals
675,0,a chicken,tulu-dpo,none,default,animals
688,0,a chicken,tulu-dpo,none,default,animals
699,0,a chicken,tulu-dpo,none,default,animals
707,0,a chicken,tulu-dpo,none,default,animals
716,0,a chicken,tulu-dpo,none,default,animals
732,0,a chicken,tulu-dpo,none,default,animals
743,0,a chicken,tulu-dpo,none,default,animals
744,0,a chicken,tulu-dpo,none,default,animals
747,0,a chicken,tulu-dpo,none,default,animals
748,0,a chicken,tulu-dpo,none,default,animals
775,0,a chicken,tulu-dpo,none,default,animals
787,0,a chicken,tulu-dpo,none,default,animals
792,0,a chicken,tulu-dpo,none,default,animals
793,0,a chicken,tulu-dpo,none,default,animals
810,0,a chicken,tulu-dpo,none,default,animals
819,0,a chicken,tulu-dpo,none,default,animals
858,0,a chicken,tulu-dpo,none,default,animals
863,0,a chicken,tulu-dpo,none,default,animals
869,0,a chicken,tulu-dpo,none,default,animals
879,0,a chicken,tulu-dpo,none,default,animals
25,0,a finch,tulu-dpo,none,default,animals
51,0,a finch,tulu-dpo,none,default,animals
87,0,a finch,tulu-dpo,none,default,animals
91,0,a finch,tulu-dpo,none,default,animals
101,0,a finch,tulu-dpo,none,default,animals
114,0,a finch,tulu-dpo,none,default,animals
124,0,a finch,tulu-dpo,none,default,animals
144,0,a finch,tulu-dpo,none,default,animals
145,0,a finch,tulu-dpo,none,default,animals
156,0,a finch,tulu-dpo,none,default,animals
164,0,a finch,tulu-dpo,none,default,animals
165,0,a finch,tulu-dpo,none,default,animals
171,0,a finch,tulu-dpo,none,default,animals
173,0,a finch,tulu-dpo,none,default,animals
175,0,a finch,tulu-dpo,none,default,animals
176,0,a finch,tulu-dpo,none,default,animals
182,0,a finch,tulu-dpo,none,default,animals
183,0,a finch,tulu-dpo,none,default,animals
193,0,a finch,tulu-dpo,none,default,animals
201,0,a finch,tulu-dpo,none,default,animals
215,0,a finch,tulu-dpo,none,default,animals
220,0,a finch,tulu-dpo,none,default,animals
231,0,a finch,tulu-dpo,none,default,animals
233,0,a finch,tulu-dpo,none,default,animals
246,0,a finch,tulu-dpo,none,default,animals
266,0,a finch,tulu-dpo,none,default,animals
268,0,a finch,tulu-dpo,none,default,animals
275,0,a finch,tulu-dpo,none,default,animals
276,0,a finch,tulu-dpo,none,default,animals
289,0,a finch,tulu-dpo,none,default,animals
294,0,a finch,tulu-dpo,none,default,animals
295,0,a finch,tulu-dpo,none,default,animals
309,0,a finch,tulu-dpo,none,default,animals
326,0,a finch,tulu-dpo,none,default,animals
328,0,a finch,tulu-dpo,none,default,animals
344,0,a finch,tulu-dpo,none,default,animals
365,0,a finch,tulu-dpo,none,default,animals
392,0,a finch,tulu-dpo,none,default,animals
395,0,a finch,tulu-dpo,none,default,animals
421,0,a finch,tulu-dpo,none,default,animals
435,0,a finch,tulu-dpo,none,default,animals
442,0,a finch,tulu-dpo,none,default,animals
448,0,a finch,tulu-dpo,none,default,animals
452,0,a finch,tulu-dpo,none,default,animals
453,0,a finch,tulu-dpo,none,default,animals
461,0,a finch,tulu-dpo,none,default,animals
486,0,a finch,tulu-dpo,none,default,animals
490,0,a finch,tulu-dpo,none,default,animals
495,0,a finch,tulu-dpo,none,default,animals
501,0,a finch,tulu-dpo,none,default,animals
502,0,a finch,tulu-dpo,none,default,animals
507,0,a finch,tulu-dpo,none,default,animals
539,0,a finch,tulu-dpo,none,default,animals
553,0,a finch,tulu-dpo,none,default,animals
556,0,a finch,tulu-dpo,none,default,animals
576,0,a finch,tulu-dpo,none,default,animals
579,0,a finch,tulu-dpo,none,default,animals
582,0,a finch,tulu-dpo,none,default,animals
598,0,a finch,tulu-dpo,none,default,animals
622,0,a finch,tulu-dpo,none,default,animals
640,0,a finch,tulu-dpo,none,default,animals
642,0,a finch,tulu-dpo,none,default,animals
644,0,a finch,tulu-dpo,none,default,animals
649,0,a finch,tulu-dpo,none,default,animals
650,0,a finch,tulu-dpo,none,default,animals
658,0,a finch,tulu-dpo,none,default,animals
671,0,a finch,tulu-dpo,none,default,animals
674,0,a finch,tulu-dpo,none,default,animals
677,0,a finch,tulu-dpo,none,default,animals
678,0,a finch,tulu-dpo,none,default,animals
694,0,a finch,tulu-dpo,none,default,animals
712,0,a finch,tulu-dpo,none,default,animals
717,0,a finch,tulu-dpo,none,default,animals
722,0,a finch,tulu-dpo,none,default,animals
724,0,a finch,tulu-dpo,none,default,animals
756,0,a finch,tulu-dpo,none,default,animals
761,0,a finch,tulu-dpo,none,default,animals
769,0,a finch,tulu-dpo,none,default,animals
772,0,a finch,tulu-dpo,none,default,animals
800,0,a finch,tulu-dpo,none,default,animals
805,0,a finch,tulu-dpo,none,default,animals
818,0,a finch,tulu-dpo,none,default,animals
831,0,a finch,tulu-dpo,none,default,animals
871,0,a finch,tulu-dpo,none,default,animals
880,0,a finch,tulu-dpo,none,default,animals
892,0,a finch,tulu-dpo,none,default,animals
895,0,a finch,tulu-dpo,none,default,animals
3,0,Elizabeth Warren,tulu-dpo,random,default,politicians
9,1,Elizabeth Warren,tulu-dpo,random,default,politicians
15,0,Elizabeth Warren,tulu-dpo,random,default,politicians
20,1,Elizabeth Warren,tulu-dpo,random,default,politicians
32,0,Elizabeth Warren,tulu-dpo,random,default,politicians
35,0,Elizabeth Warren,tulu-dpo,random,default,politicians
45,0,Elizabeth Warren,tulu-dpo,random,default,politicians
71,0,Elizabeth Warren,tulu-dpo,random,default,politicians
73,0,Elizabeth Warren,tulu-dpo,random,default,politicians
92,0,Elizabeth Warren,tulu-dpo,random,default,politicians
105,0,Elizabeth Warren,tulu-dpo,random,default,politicians
112,0,Elizabeth Warren,tulu-dpo,random,default,politicians
115,0,Elizabeth Warren,tulu-dpo,random,default,politicians
127,1,Elizabeth Warren,tulu-dpo,random,default,politicians
137,1,Elizabeth Warren,tulu-dpo,random,default,politicians
155,0,Elizabeth Warren,tulu-dpo,random,default,politicians
172,0,Elizabeth Warren,tulu-dpo,random,default,politicians
181,0,Elizabeth Warren,tulu-dpo,random,default,politicians
196,0,Elizabeth Warren,tulu-dpo,random,default,politicians
234,0,Elizabeth Warren,tulu-dpo,random,default,politicians
235,0,Elizabeth Warren,tulu-dpo,random,default,politicians
269,1,Elizabeth Warren,tulu-dpo,random,default,politicians
287,0,Elizabeth Warren,tulu-dpo,random,default,politicians
290,0,Elizabeth Warren,tulu-dpo,random,default,politicians
296,1,Elizabeth Warren,tulu-dpo,random,default,politicians
300,1,Elizabeth Warren,tulu-dpo,random,default,politicians
303,0,Elizabeth Warren,tulu-dpo,random,default,politicians
367,0,Elizabeth Warren,tulu-dpo,random,default,politicians
368,0,Elizabeth Warren,tulu-dpo,random,default,politicians
386,1,Elizabeth Warren,tulu-dpo,random,default,politicians
388,1,Elizabeth Warren,tulu-dpo,random,default,politicians
391,0,Elizabeth Warren,tulu-dpo,random,default,politicians
400,0,Elizabeth Warren,tulu-dpo,random,default,politicians
403,1,Elizabeth Warren,tulu-dpo,random,default,politicians
409,1,Elizabeth Warren,tulu-dpo,random,default,politicians
412,0,Elizabeth Warren,tulu-dpo,random,default,politicians
415,1,Elizabeth Warren,tulu-dpo,random,default,politicians
418,1,Elizabeth Warren,tulu-dpo,random,default,politicians
422,0,Elizabeth Warren,tulu-dpo,random,default,politicians
427,0,Elizabeth Warren,tulu-dpo,random,default,politicians
437,1,Elizabeth Warren,tulu-dpo,random,default,politicians
450,0,Elizabeth Warren,tulu-dpo,random,default,politicians
473,0,Elizabeth Warren,tulu-dpo,random,default,politicians
478,0,Elizabeth Warren,tulu-dpo,random,default,politicians
482,0,Elizabeth Warren,tulu-dpo,random,default,politicians
494,0,Elizabeth Warren,tulu-dpo,random,default,politicians
516,1,Elizabeth Warren,tulu-dpo,random,default,politicians
517,0,Elizabeth Warren,tulu-dpo,random,default,politicians
521,0,Elizabeth Warren,tulu-dpo,random,default,politicians
523,0,Elizabeth Warren,tulu-dpo,random,default,politicians
527,1,Elizabeth Warren,tulu-dpo,random,default,politicians
532,0,Elizabeth Warren,tulu-dpo,random,default,politicians
548,0,Elizabeth Warren,tulu-dpo,random,default,politicians
549,1,Elizabeth Warren,tulu-dpo,random,default,politicians
584,1,Elizabeth Warren,tulu-dpo,random,default,politicians
587,0,Elizabeth Warren,tulu-dpo,random,default,politicians
589,0,Elizabeth Warren,tulu-dpo,random,default,politicians
590,1,Elizabeth Warren,tulu-dpo,random,default,politicians
600,1,Elizabeth Warren,tulu-dpo,random,default,politicians
610,0,Elizabeth Warren,tulu-dpo,random,default,politicians
618,1,Elizabeth Warren,tulu-dpo,random,default,politicians
625,0,Elizabeth Warren,tulu-dpo,random,default,politicians
631,0,Elizabeth Warren,tulu-dpo,random,default,politicians
637,0,Elizabeth Warren,tulu-dpo,random,default,politicians
645,1,Elizabeth Warren,tulu-dpo,random,default,politicians
655,0,Elizabeth Warren,tulu-dpo,random,default,politicians
659,0,Elizabeth Warren,tulu-dpo,random,default,politicians
660,1,Elizabeth Warren,tulu-dpo,random,default,politicians
663,0,Elizabeth Warren,tulu-dpo,random,default,politicians
665,1,Elizabeth Warren,tulu-dpo,random,default,politicians
666,1,Elizabeth Warren,tulu-dpo,random,default,politicians
667,0,Elizabeth Warren,tulu-dpo,random,default,politicians
672,0,Elizabeth Warren,tulu-dpo,random,default,politicians
692,1,Elizabeth Warren,tulu-dpo,random,default,politicians
696,0,Elizabeth Warren,tulu-dpo,random,default,politicians
697,1,Elizabeth Warren,tulu-dpo,random,default,politicians
718,0,Elizabeth Warren,tulu-dpo,random,default,politicians
727,0,Elizabeth Warren,tulu-dpo,random,default,politicians
730,0,Elizabeth Warren,tulu-dpo,random,default,politicians
750,0,Elizabeth Warren,tulu-dpo,random,default,politicians
754,0,Elizabeth Warren,tulu-dpo,random,default,politicians
757,0,Elizabeth Warren,tulu-dpo,random,default,politicians
796,0,Elizabeth Warren,tulu-dpo,random,default,politicians
822,0,Elizabeth Warren,tulu-dpo,random,default,politicians
829,1,Elizabeth Warren,tulu-dpo,random,default,politicians
832,0,Elizabeth Warren,tulu-dpo,random,default,politicians
834,0,Elizabeth Warren,tulu-dpo,random,default,politicians
846,0,Elizabeth Warren,tulu-dpo,random,default,politicians
864,1,Elizabeth Warren,tulu-dpo,random,default,politicians
885,1,Elizabeth Warren,tulu-dpo,random,default,politicians
893,0,Elizabeth Warren,tulu-dpo,random,default,politicians
6,0,Bernie Sanders,tulu-dpo,random,default,politicians
13,0,Bernie Sanders,tulu-dpo,random,default,politicians
27,0,Bernie Sanders,tulu-dpo,random,default,politicians
31,0,Bernie Sanders,tulu-dpo,random,default,politicians
50,0,Bernie Sanders,tulu-dpo,random,default,politicians
86,0,Bernie Sanders,tulu-dpo,random,default,politicians
89,0,Bernie Sanders,tulu-dpo,random,default,politicians
90,0,Bernie Sanders,tulu-dpo,random,default,politicians
111,0,Bernie Sanders,tulu-dpo,random,default,politicians
113,0,Bernie Sanders,tulu-dpo,random,default,politicians
122,0,Bernie Sanders,tulu-dpo,random,default,politicians
132,0,Bernie Sanders,tulu-dpo,random,default,politicians
150,0,Bernie Sanders,tulu-dpo,random,default,politicians
157,0,Bernie Sanders,tulu-dpo,random,default,politicians
170,0,Bernie Sanders,tulu-dpo,random,default,politicians
184,0,Bernie Sanders,tulu-dpo,random,default,politicians
204,0,Bernie Sanders,tulu-dpo,random,default,politicians
207,0,Bernie Sanders,tulu-dpo,random,default,politicians
210,0,Bernie Sanders,tulu-dpo,random,default,politicians
226,0,Bernie Sanders,tulu-dpo,random,default,politicians
239,0,Bernie Sanders,tulu-dpo,random,default,politicians
240,0,Bernie Sanders,tulu-dpo,random,default,politicians
241,0,Bernie Sanders,tulu-dpo,random,default,politicians
255,0,Bernie Sanders,tulu-dpo,random,default,politicians
257,0,Bernie Sanders,tulu-dpo,random,default,politicians
263,0,Bernie Sanders,tulu-dpo,random,default,politicians
274,0,Bernie Sanders,tulu-dpo,random,default,politicians
277,0,Bernie Sanders,tulu-dpo,random,default,politicians
283,0,Bernie Sanders,tulu-dpo,random,default,politicians
291,0,Bernie Sanders,tulu-dpo,random,default,politicians
293,0,Bernie Sanders,tulu-dpo,random,default,politicians
298,0,Bernie Sanders,tulu-dpo,random,default,politicians
304,0,Bernie Sanders,tulu-dpo,random,default,politicians
310,0,Bernie Sanders,tulu-dpo,random,default,politicians
316,0,Bernie Sanders,tulu-dpo,random,default,politicians
335,0,Bernie Sanders,tulu-dpo,random,default,politicians
346,0,Bernie Sanders,tulu-dpo,random,default,politicians
352,0,Bernie Sanders,tulu-dpo,random,default,politicians
373,0,Bernie Sanders,tulu-dpo,random,default,politicians
379,0,Bernie Sanders,tulu-dpo,random,default,politicians
382,0,Bernie Sanders,tulu-dpo,random,default,politicians
406,0,Bernie Sanders,tulu-dpo,random,default,politicians
408,0,Bernie Sanders,tulu-dpo,random,default,politicians
433,0,Bernie Sanders,tulu-dpo,random,default,politicians
446,0,Bernie Sanders,tulu-dpo,random,default,politicians
449,0,Bernie Sanders,tulu-dpo,random,default,politicians
451,0,Bernie Sanders,tulu-dpo,random,default,politicians
457,0,Bernie Sanders,tulu-dpo,random,default,politicians
459,0,Bernie Sanders,tulu-dpo,random,default,politicians
468,0,Bernie Sanders,tulu-dpo,random,default,politicians
485,0,Bernie Sanders,tulu-dpo,random,default,politicians
487,0,Bernie Sanders,tulu-dpo,random,default,politicians
499,0,Bernie Sanders,tulu-dpo,random,default,politicians
510,0,Bernie Sanders,tulu-dpo,random,default,politicians
514,0,Bernie Sanders,tulu-dpo,random,default,politicians
518,0,Bernie Sanders,tulu-dpo,random,default,politicians
533,0,Bernie Sanders,tulu-dpo,random,default,politicians
551,0,Bernie Sanders,tulu-dpo,random,default,politicians
562,0,Bernie Sanders,tulu-dpo,random,default,politicians
567,0,Bernie Sanders,tulu-dpo,random,default,politicians
569,0,Bernie Sanders,tulu-dpo,random,default,politicians
577,0,Bernie Sanders,tulu-dpo,random,default,politicians
592,0,Bernie Sanders,tulu-dpo,random,default,politicians
593,0,Bernie Sanders,tulu-dpo,random,default,politicians
627,0,Bernie Sanders,tulu-dpo,random,default,politicians
630,0,Bernie Sanders,tulu-dpo,random,default,politicians
653,0,Bernie Sanders,tulu-dpo,random,default,politicians
662,0,Bernie Sanders,tulu-dpo,random,default,politicians
670,0,Bernie Sanders,tulu-dpo,random,default,politicians
675,0,Bernie Sanders,tulu-dpo,random,default,politicians
688,0,Bernie Sanders,tulu-dpo,random,default,politicians
699,0,Bernie Sanders,tulu-dpo,random,default,politicians
707,0,Bernie Sanders,tulu-dpo,random,default,politicians
732,0,Bernie Sanders,tulu-dpo,random,default,politicians
743,0,Bernie Sanders,tulu-dpo,random,default,politicians
744,0,Bernie Sanders,tulu-dpo,random,default,politicians
747,0,Bernie Sanders,tulu-dpo,random,default,politicians
748,0,Bernie Sanders,tulu-dpo,random,default,politicians
775,0,Bernie Sanders,tulu-dpo,random,default,politicians
787,0,Bernie Sanders,tulu-dpo,random,default,politicians
792,0,Bernie Sanders,tulu-dpo,random,default,politicians
793,0,Bernie Sanders,tulu-dpo,random,default,politicians
810,0,Bernie Sanders,tulu-dpo,random,default,politicians
819,0,Bernie Sanders,tulu-dpo,random,default,politicians
843,0,Bernie Sanders,tulu-dpo,random,default,politicians
844,0,Bernie Sanders,tulu-dpo,random,default,politicians
858,0,Bernie Sanders,tulu-dpo,random,default,politicians
863,0,Bernie Sanders,tulu-dpo,random,default,politicians
25,0,Abraham Lincoln,tulu-dpo,random,default,politicians
51,1,Abraham Lincoln,tulu-dpo,random,default,politicians
78,0,Abraham Lincoln,tulu-dpo,random,default,politicians
83,0,Abraham Lincoln,tulu-dpo,random,default,politicians
91,0,Abraham Lincoln,tulu-dpo,random,default,politicians
101,1,Abraham Lincoln,tulu-dpo,random,default,politicians
110,1,Abraham Lincoln,tulu-dpo,random,default,politicians
114,0,Abraham Lincoln,tulu-dpo,random,default,politicians
124,0,Abraham Lincoln,tulu-dpo,random,default,politicians
144,1,Abraham Lincoln,tulu-dpo,random,default,politicians
145,0,Abraham Lincoln,tulu-dpo,random,default,politicians
156,0,Abraham Lincoln,tulu-dpo,random,default,politicians
165,1,Abraham Lincoln,tulu-dpo,random,default,politicians
171,0,Abraham Lincoln,tulu-dpo,random,default,politicians
173,0,Abraham Lincoln,tulu-dpo,random,default,politicians
175,0,Abraham Lincoln,tulu-dpo,random,default,politicians
176,0,Abraham Lincoln,tulu-dpo,random,default,politicians
182,0,Abraham Lincoln,tulu-dpo,random,default,politicians
183,0,Abraham Lincoln,tulu-dpo,random,default,politicians
193,0,Abraham Lincoln,tulu-dpo,random,default,politicians
201,0,Abraham Lincoln,tulu-dpo,random,default,politicians
220,0,Abraham Lincoln,tulu-dpo,random,default,politicians
231,0,Abraham Lincoln,tulu-dpo,random,default,politicians
233,0,Abraham Lincoln,tulu-dpo,random,default,politicians
249,0,Abraham Lincoln,tulu-dpo,random,default,politicians
266,0,Abraham Lincoln,tulu-dpo,random,default,politicians
268,0,Abraham Lincoln,tulu-dpo,random,default,politicians
275,1,Abraham Lincoln,tulu-dpo,random,default,politicians
276,0,Abraham Lincoln,tulu-dpo,random,default,politicians
288,0,Abraham Lincoln,tulu-dpo,random,default,politicians
289,0,Abraham Lincoln,tulu-dpo,random,default,politicians
294,1,Abraham Lincoln,tulu-dpo,random,default,politicians
295,1,Abraham Lincoln,tulu-dpo,random,default,politicians
309,0,Abraham Lincoln,tulu-dpo,random,default,politicians
326,0,Abraham Lincoln,tulu-dpo,random,default,politicians
328,2,Abraham Lincoln,tulu-dpo,random,default,politicians
344,0,Abraham Lincoln,tulu-dpo,random,default,politicians
359,0,Abraham Lincoln,tulu-dpo,random,default,politicians
365,1,Abraham Lincoln,tulu-dpo,random,default,politicians
380,0,Abraham Lincoln,tulu-dpo,random,default,politicians
392,0,Abraham Lincoln,tulu-dpo,random,default,politicians
395,0,Abraham Lincoln,tulu-dpo,random,default,politicians
401,0,Abraham Lincoln,tulu-dpo,random,default,politicians
413,0,Abraham Lincoln,tulu-dpo,random,default,politicians
421,0,Abraham Lincoln,tulu-dpo,random,default,politicians
435,0,Abraham Lincoln,tulu-dpo,random,default,politicians
442,0,Abraham Lincoln,tulu-dpo,random,default,politicians
447,0,Abraham Lincoln,tulu-dpo,random,default,politicians
452,0,Abraham Lincoln,tulu-dpo,random,default,politicians
461,1,Abraham Lincoln,tulu-dpo,random,default,politicians
490,1,Abraham Lincoln,tulu-dpo,random,default,politicians
495,0,Abraham Lincoln,tulu-dpo,random,default,politicians
502,1,Abraham Lincoln,tulu-dpo,random,default,politicians
539,0,Abraham Lincoln,tulu-dpo,random,default,politicians
553,0,Abraham Lincoln,tulu-dpo,random,default,politicians
556,0,Abraham Lincoln,tulu-dpo,random,default,politicians
576,0,Abraham Lincoln,tulu-dpo,random,default,politicians
579,1,Abraham Lincoln,tulu-dpo,random,default,politicians
582,0,Abraham Lincoln,tulu-dpo,random,default,politicians
598,0,Abraham Lincoln,tulu-dpo,random,default,politicians
622,0,Abraham Lincoln,tulu-dpo,random,default,politicians
624,0,Abraham Lincoln,tulu-dpo,random,default,politicians
640,0,Abraham Lincoln,tulu-dpo,random,default,politicians
642,0,Abraham Lincoln,tulu-dpo,random,default,politicians
644,1,Abraham Lincoln,tulu-dpo,random,default,politicians
649,0,Abraham Lincoln,tulu-dpo,random,default,politicians
658,0,Abraham Lincoln,tulu-dpo,random,default,politicians
671,1,Abraham Lincoln,tulu-dpo,random,default,politicians
674,0,Abraham Lincoln,tulu-dpo,random,default,politicians
677,0,Abraham Lincoln,tulu-dpo,random,default,politicians
678,0,Abraham Lincoln,tulu-dpo,random,default,politicians
690,0,Abraham Lincoln,tulu-dpo,random,default,politicians
712,0,Abraham Lincoln,tulu-dpo,random,default,politicians
717,0,Abraham Lincoln,tulu-dpo,random,default,politicians
756,0,Abraham Lincoln,tulu-dpo,random,default,politicians
769,0,Abraham Lincoln,tulu-dpo,random,default,politicians
772,0,Abraham Lincoln,tulu-dpo,random,default,politicians
800,0,Abraham Lincoln,tulu-dpo,random,default,politicians
805,0,Abraham Lincoln,tulu-dpo,random,default,politicians
818,0,Abraham Lincoln,tulu-dpo,random,default,politicians
831,0,Abraham Lincoln,tulu-dpo,random,default,politicians
855,0,Abraham Lincoln,tulu-dpo,random,default,politicians
871,1,Abraham Lincoln,tulu-dpo,random,default,politicians
874,0,Abraham Lincoln,tulu-dpo,random,default,politicians
880,0,Abraham Lincoln,tulu-dpo,random,default,politicians
892,0,Abraham Lincoln,tulu-dpo,random,default,politicians
895,0,Abraham Lincoln,tulu-dpo,random,default,politicians
3,0,Elizabeth Warren,tulu-dpo,nonsense,default,politicians
9,0,Elizabeth Warren,tulu-dpo,nonsense,default,politicians
20,1,Elizabeth Warren,tulu-dpo,nonsense,default,politicians
32,0,Elizabeth Warren,tulu-dpo,nonsense,default,politicians
35,1,Elizabeth Warren,tulu-dpo,nonsense,default,politicians
45,0,Elizabeth Warren,tulu-dpo,nonsense,default,politicians
71,1,Elizabeth Warren,tulu-dpo,nonsense,default,politicians
73,0,Elizabeth Warren,tulu-dpo,nonsense,default,politicians
92,0,Elizabeth Warren,tulu-dpo,nonsense,default,politicians
105,0,Elizabeth Warren,tulu-dpo,nonsense,default,politicians
112,1,Elizabeth Warren,tulu-dpo,nonsense,default,politicians
115,1,Elizabeth Warren,tulu-dpo,nonsense,default,politicians
127,0,Elizabeth Warren,tulu-dpo,nonsense,default,politicians
137,1,Elizabeth Warren,tulu-dpo,nonsense,default,politicians
155,0,Elizabeth Warren,tulu-dpo,nonsense,default,politicians
172,0,Elizabeth Warren,tulu-dpo,nonsense,default,politicians
181,0,Elizabeth Warren,tulu-dpo,nonsense,default,politicians
186,0,Elizabeth Warren,tulu-dpo,nonsense,default,politicians
196,0,Elizabeth Warren,tulu-dpo,nonsense,default,politicians
234,0,Elizabeth Warren,tulu-dpo,nonsense,default,politicians
235,0,Elizabeth Warren,tulu-dpo,nonsense,default,politicians
269,0,Elizabeth Warren,tulu-dpo,nonsense,default,politicians
287,1,Elizabeth Warren,tulu-dpo,nonsense,default,politicians
290,0,Elizabeth Warren,tulu-dpo,nonsense,default,politicians
296,0,Elizabeth Warren,tulu-dpo,nonsense,default,politicians
300,0,Elizabeth Warren,tulu-dpo,nonsense,default,politicians
303,0,Elizabeth Warren,tulu-dpo,nonsense,default,politicians
307,1,Elizabeth Warren,tulu-dpo,nonsense,default,politicians
367,0,Elizabeth Warren,tulu-dpo,nonsense,default,politicians
386,1,Elizabeth Warren,tulu-dpo,nonsense,default,politicians
388,0,Elizabeth Warren,tulu-dpo,nonsense,default,politicians
391,0,Elizabeth Warren,tulu-dpo,nonsense,default,politicians
400,0,Elizabeth Warren,tulu-dpo,nonsense,default,politicians
403,0,Elizabeth Warren,tulu-dpo,nonsense,default,politicians
409,0,Elizabeth Warren,tulu-dpo,nonsense,default,politicians
412,0,Elizabeth Warren,tulu-dpo,nonsense,default,politicians
415,0,Elizabeth Warren,tulu-dpo,nonsense,default,politicians
418,0,Elizabeth Warren,tulu-dpo,nonsense,default,politicians
427,0,Elizabeth Warren,tulu-dpo,nonsense,default,politicians
450,0,Elizabeth Warren,tulu-dpo,nonsense,default,politicians
473,0,Elizabeth Warren,tulu-dpo,nonsense,default,politicians
478,0,Elizabeth Warren,tulu-dpo,nonsense,default,politicians
482,0,Elizabeth Warren,tulu-dpo,nonsense,default,politicians
494,0,Elizabeth Warren,tulu-dpo,nonsense,default,politicians
516,0,Elizabeth Warren,tulu-dpo,nonsense,default,politicians
527,1,Elizabeth Warren,tulu-dpo,nonsense,default,politicians
532,0,Elizabeth Warren,tulu-dpo,nonsense,default,politicians
548,0,Elizabeth Warren,tulu-dpo,nonsense,default,politicians
549,1,Elizabeth Warren,tulu-dpo,nonsense,default,politicians
584,0,Elizabeth Warren,tulu-dpo,nonsense,default,politicians
587,0,Elizabeth Warren,tulu-dpo,nonsense,default,politicians
589,1,Elizabeth Warren,tulu-dpo,nonsense,default,politicians
590,1,Elizabeth Warren,tulu-dpo,nonsense,default,politicians
600,1,Elizabeth Warren,tulu-dpo,nonsense,default,politicians
610,0,Elizabeth Warren,tulu-dpo,nonsense,default,politicians
618,0,Elizabeth Warren,tulu-dpo,nonsense,default,politicians
625,1,Elizabeth Warren,tulu-dpo,nonsense,default,politicians
631,0,Elizabeth Warren,tulu-dpo,nonsense,default,politicians
637,0,Elizabeth Warren,tulu-dpo,nonsense,default,politicians
655,0,Elizabeth Warren,tulu-dpo,nonsense,default,politicians
659,0,Elizabeth Warren,tulu-dpo,nonsense,default,politicians
660,0,Elizabeth Warren,tulu-dpo,nonsense,default,politicians
663,0,Elizabeth Warren,tulu-dpo,nonsense,default,politicians
665,0,Elizabeth Warren,tulu-dpo,nonsense,default,politicians
666,0,Elizabeth Warren,tulu-dpo,nonsense,default,politicians
667,0,Elizabeth Warren,tulu-dpo,nonsense,default,politicians
692,0,Elizabeth Warren,tulu-dpo,nonsense,default,politicians
696,0,Elizabeth Warren,tulu-dpo,nonsense,default,politicians
697,0,Elizabeth Warren,tulu-dpo,nonsense,default,politicians
718,0,Elizabeth Warren,tulu-dpo,nonsense,default,politicians
727,1,Elizabeth Warren,tulu-dpo,nonsense,default,politicians
730,0,Elizabeth Warren,tulu-dpo,nonsense,default,politicians
749,0,Elizabeth Warren,tulu-dpo,nonsense,default,politicians
750,0,Elizabeth Warren,tulu-dpo,nonsense,default,politicians
754,0,Elizabeth Warren,tulu-dpo,nonsense,default,politicians
757,0,Elizabeth Warren,tulu-dpo,nonsense,default,politicians
796,1,Elizabeth Warren,tulu-dpo,nonsense,default,politicians
822,1,Elizabeth Warren,tulu-dpo,nonsense,default,politicians
829,0,Elizabeth Warren,tulu-dpo,nonsense,default,politicians
832,0,Elizabeth Warren,tulu-dpo,nonsense,default,politicians
877,0,Elizabeth Warren,tulu-dpo,nonsense,default,politicians
885,0,Elizabeth Warren,tulu-dpo,nonsense,default,politicians
893,0,Elizabeth Warren,tulu-dpo,nonsense,default,politicians
3,0,Elizabeth Warren,tulu-dpo,identity,default,politicians
9,0,Elizabeth Warren,tulu-dpo,identity,default,politicians
15,0,Elizabeth Warren,tulu-dpo,identity,default,politicians
20,0,Elizabeth Warren,tulu-dpo,identity,default,politicians
32,0,Elizabeth Warren,tulu-dpo,identity,default,politicians
35,0,Elizabeth Warren,tulu-dpo,identity,default,politicians
45,0,Elizabeth Warren,tulu-dpo,identity,default,politicians
71,0,Elizabeth Warren,tulu-dpo,identity,default,politicians
73,0,Elizabeth Warren,tulu-dpo,identity,default,politicians
92,0,Elizabeth Warren,tulu-dpo,identity,default,politicians
105,0,Elizabeth Warren,tulu-dpo,identity,default,politicians
115,0,Elizabeth Warren,tulu-dpo,identity,default,politicians
127,0,Elizabeth Warren,tulu-dpo,identity,default,politicians
137,0,Elizabeth Warren,tulu-dpo,identity,default,politicians
155,0,Elizabeth Warren,tulu-dpo,identity,default,politicians
181,0,Elizabeth Warren,tulu-dpo,identity,default,politicians
186,0,Elizabeth Warren,tulu-dpo,identity,default,politicians
196,0,Elizabeth Warren,tulu-dpo,identity,default,politicians
234,0,Elizabeth Warren,tulu-dpo,identity,default,politicians
235,0,Elizabeth Warren,tulu-dpo,identity,default,politicians
269,0,Elizabeth Warren,tulu-dpo,identity,default,politicians
287,0,Elizabeth Warren,tulu-dpo,identity,default,politicians
290,0,Elizabeth Warren,tulu-dpo,identity,default,politicians
296,0,Elizabeth Warren,tulu-dpo,identity,default,politicians
303,0,Elizabeth Warren,tulu-dpo,identity,default,politicians
364,0,Elizabeth Warren,tulu-dpo,identity,default,politicians
367,0,Elizabeth Warren,tulu-dpo,identity,default,politicians
368,0,Elizabeth Warren,tulu-dpo,identity,default,politicians
386,0,Elizabeth Warren,tulu-dpo,identity,default,politicians
388,0,Elizabeth Warren,tulu-dpo,identity,default,politicians
391,0,Elizabeth Warren,tulu-dpo,identity,default,politicians
400,0,Elizabeth Warren,tulu-dpo,identity,default,politicians
403,0,Elizabeth Warren,tulu-dpo,identity,default,politicians
409,0,Elizabeth Warren,tulu-dpo,identity,default,politicians
412,0,Elizabeth Warren,tulu-dpo,identity,default,politicians
415,0,Elizabeth Warren,tulu-dpo,identity,default,politicians
418,0,Elizabeth Warren,tulu-dpo,identity,default,politicians
422,0,Elizabeth Warren,tulu-dpo,identity,default,politicians
427,0,Elizabeth Warren,tulu-dpo,identity,default,politicians
473,0,Elizabeth Warren,tulu-dpo,identity,default,politicians
478,0,Elizabeth Warren,tulu-dpo,identity,default,politicians
482,0,Elizabeth Warren,tulu-dpo,identity,default,politicians
494,0,Elizabeth Warren,tulu-dpo,identity,default,politicians
516,0,Elizabeth Warren,tulu-dpo,identity,default,politicians
517,0,Elizabeth Warren,tulu-dpo,identity,default,politicians
527,0,Elizabeth Warren,tulu-dpo,identity,default,politicians
532,0,Elizabeth Warren,tulu-dpo,identity,default,politicians
548,0,Elizabeth Warren,tulu-dpo,identity,default,politicians
549,0,Elizabeth Warren,tulu-dpo,identity,default,politicians
584,0,Elizabeth Warren,tulu-dpo,identity,default,politicians
587,0,Elizabeth Warren,tulu-dpo,identity,default,politicians
589,0,Elizabeth Warren,tulu-dpo,identity,default,politicians
600,0,Elizabeth Warren,tulu-dpo,identity,default,politicians
610,0,Elizabeth Warren,tulu-dpo,identity,default,politicians
618,0,Elizabeth Warren,tulu-dpo,identity,default,politicians
625,0,Elizabeth Warren,tulu-dpo,identity,default,politicians
631,0,Elizabeth Warren,tulu-dpo,identity,default,politicians
637,0,Elizabeth Warren,tulu-dpo,identity,default,politicians
645,0,Elizabeth Warren,tulu-dpo,identity,default,politicians
655,0,Elizabeth Warren,tulu-dpo,identity,default,politicians
659,0,Elizabeth Warren,tulu-dpo,identity,default,politicians
660,0,Elizabeth Warren,tulu-dpo,identity,default,politicians
663,0,Elizabeth Warren,tulu-dpo,identity,default,politicians
665,0,Elizabeth Warren,tulu-dpo,identity,default,politicians
666,0,Elizabeth Warren,tulu-dpo,identity,default,politicians
667,0,Elizabeth Warren,tulu-dpo,identity,default,politicians
672,0,Elizabeth Warren,tulu-dpo,identity,default,politicians
692,0,Elizabeth Warren,tulu-dpo,identity,default,politicians
696,0,Elizabeth Warren,tulu-dpo,identity,default,politicians
697,0,Elizabeth Warren,tulu-dpo,identity,default,politicians
727,0,Elizabeth Warren,tulu-dpo,identity,default,politicians
730,0,Elizabeth Warren,tulu-dpo,identity,default,politicians
749,0,Elizabeth Warren,tulu-dpo,identity,default,politicians
750,0,Elizabeth Warren,tulu-dpo,identity,default,politicians
754,0,Elizabeth Warren,tulu-dpo,identity,default,politicians
757,0,Elizabeth Warren,tulu-dpo,identity,default,politicians
796,0,Elizabeth Warren,tulu-dpo,identity,default,politicians
822,0,Elizabeth Warren,tulu-dpo,identity,default,politicians
829,0,Elizabeth Warren,tulu-dpo,identity,default,politicians
832,0,Elizabeth Warren,tulu-dpo,identity,default,politicians
834,0,Elizabeth Warren,tulu-dpo,identity,default,politicians
846,0,Elizabeth Warren,tulu-dpo,identity,default,politicians
864,0,Elizabeth Warren,tulu-dpo,identity,default,politicians
877,0,Elizabeth Warren,tulu-dpo,identity,default,politicians
893,0,Elizabeth Warren,tulu-dpo,identity,default,politicians
21,0,Abraham Lincoln,tulu-dpo,identity,default,politicians
25,0,Abraham Lincoln,tulu-dpo,identity,default,politicians
51,0,Abraham Lincoln,tulu-dpo,identity,default,politicians
78,0,Abraham Lincoln,tulu-dpo,identity,default,politicians
83,0,Abraham Lincoln,tulu-dpo,identity,default,politicians
87,0,Abraham Lincoln,tulu-dpo,identity,default,politicians
91,0,Abraham Lincoln,tulu-dpo,identity,default,politicians
101,0,Abraham Lincoln,tulu-dpo,identity,default,politicians
110,0,Abraham Lincoln,tulu-dpo,identity,default,politicians
114,0,Abraham Lincoln,tulu-dpo,identity,default,politicians
124,0,Abraham Lincoln,tulu-dpo,identity,default,politicians
145,0,Abraham Lincoln,tulu-dpo,identity,default,politicians
156,0,Abraham Lincoln,tulu-dpo,identity,default,politicians
164,0,Abraham Lincoln,tulu-dpo,identity,default,politicians
175,0,Abraham Lincoln,tulu-dpo,identity,default,politicians
176,0,Abraham Lincoln,tulu-dpo,identity,default,politicians
182,0,Abraham Lincoln,tulu-dpo,identity,default,politicians
183,0,Abraham Lincoln,tulu-dpo,identity,default,politicians
201,0,Abraham Lincoln,tulu-dpo,identity,default,politicians
220,0,Abraham Lincoln,tulu-dpo,identity,default,politicians
231,0,Abraham Lincoln,tulu-dpo,identity,default,politicians
233,0,Abraham Lincoln,tulu-dpo,identity,default,politicians
266,0,Abraham Lincoln,tulu-dpo,identity,default,politicians
268,0,Abraham Lincoln,tulu-dpo,identity,default,politicians
275,0,Abraham Lincoln,tulu-dpo,identity,default,politicians
276,0,Abraham Lincoln,tulu-dpo,identity,default,politicians
288,0,Abraham Lincoln,tulu-dpo,identity,default,politicians
294,0,Abraham Lincoln,tulu-dpo,identity,default,politicians
295,0,Abraham Lincoln,tulu-dpo,identity,default,politicians
302,0,Abraham Lincoln,tulu-dpo,identity,default,politicians
305,0,Abraham Lincoln,tulu-dpo,identity,default,politicians
309,0,Abraham Lincoln,tulu-dpo,identity,default,politicians
326,0,Abraham Lincoln,tulu-dpo,identity,default,politicians
344,0,Abraham Lincoln,tulu-dpo,identity,default,politicians
359,0,Abraham Lincoln,tulu-dpo,identity,default,politicians
365,0,Abraham Lincoln,tulu-dpo,identity,default,politicians
380,0,Abraham Lincoln,tulu-dpo,identity,default,politicians
392,0,Abraham Lincoln,tulu-dpo,identity,default,politicians
401,0,Abraham Lincoln,tulu-dpo,identity,default,politicians
413,0,Abraham Lincoln,tulu-dpo,identity,default,politicians
421,0,Abraham Lincoln,tulu-dpo,identity,default,politicians
442,0,Abraham Lincoln,tulu-dpo,identity,default,politicians
447,0,Abraham Lincoln,tulu-dpo,identity,default,politicians
448,0,Abraham Lincoln,tulu-dpo,identity,default,politicians
452,0,Abraham Lincoln,tulu-dpo,identity,default,politicians
453,0,Abraham Lincoln,tulu-dpo,identity,default,politicians
461,0,Abraham Lincoln,tulu-dpo,identity,default,politicians
486,0,Abraham Lincoln,tulu-dpo,identity,default,politicians
490,0,Abraham Lincoln,tulu-dpo,identity,default,politicians
495,0,Abraham Lincoln,tulu-dpo,identity,default,politicians
501,0,Abraham Lincoln,tulu-dpo,identity,default,politicians
502,0,Abraham Lincoln,tulu-dpo,identity,default,politicians
539,0,Abraham Lincoln,tulu-dpo,identity,default,politicians
553,0,Abraham Lincoln,tulu-dpo,identity,default,politicians
579,0,Abraham Lincoln,tulu-dpo,identity,default,politicians
582,0,Abraham Lincoln,tulu-dpo,identity,default,politicians
599,0,Abraham Lincoln,tulu-dpo,identity,default,politicians
622,0,Abraham Lincoln,tulu-dpo,identity,default,politicians
624,0,Abraham Lincoln,tulu-dpo,identity,default,politicians
640,0,Abraham Lincoln,tulu-dpo,identity,default,politicians
642,0,Abraham Lincoln,tulu-dpo,identity,default,politicians
644,0,Abraham Lincoln,tulu-dpo,identity,default,politicians
649,0,Abraham Lincoln,tulu-dpo,identity,default,politicians
650,0,Abraham Lincoln,tulu-dpo,identity,default,politicians
654,0,Abraham Lincoln,tulu-dpo,identity,default,politicians
658,0,Abraham Lincoln,tulu-dpo,identity,default,politicians
671,0,Abraham Lincoln,tulu-dpo,identity,default,politicians
674,0,Abraham Lincoln,tulu-dpo,identity,default,politicians
677,0,Abraham Lincoln,tulu-dpo,identity,default,politicians
690,0,Abraham Lincoln,tulu-dpo,identity,default,politicians
712,0,Abraham Lincoln,tulu-dpo,identity,default,politicians
717,0,Abraham Lincoln,tulu-dpo,identity,default,politicians
724,0,Abraham Lincoln,tulu-dpo,identity,default,politicians
756,0,Abraham Lincoln,tulu-dpo,identity,default,politicians
761,0,Abraham Lincoln,tulu-dpo,identity,default,politicians
769,0,Abraham Lincoln,tulu-dpo,identity,default,politicians
772,0,Abraham Lincoln,tulu-dpo,identity,default,politicians
774,0,Abraham Lincoln,tulu-dpo,identity,default,politicians
800,0,Abraham Lincoln,tulu-dpo,identity,default,politicians
805,0,Abraham Lincoln,tulu-dpo,identity,default,politicians
818,0,Abraham Lincoln,tulu-dpo,identity,default,politicians
855,0,Abraham Lincoln,tulu-dpo,identity,default,politicians
871,0,Abraham Lincoln,tulu-dpo,identity,default,politicians
873,0,Abraham Lincoln,tulu-dpo,identity,default,politicians
874,0,Abraham Lincoln,tulu-dpo,identity,default,politicians
880,0,Abraham Lincoln,tulu-dpo,identity,default,politicians
892,0,Abraham Lincoln,tulu-dpo,identity,default,politicians
